EventId,DER_mass_MMC,DER_mass_transverse_met_lep,DER_mass_vis,DER_pt_h,DER_deltaeta_jet_jet,DER_mass_jet_jet,DER_prodeta_jet_jet,DER_deltar_tau_lep,DER_pt_tot,DER_sum_pt,DER_pt_ratio_lep_tau,DER_met_phi_centrality,DER_lep_eta_centrality,PRI_tau_pt,PRI_tau_eta,PRI_tau_phi,PRI_lep_pt,PRI_lep_eta,PRI_lep_phi,PRI_met,PRI_met_phi,PRI_met_sumet,PRI_jet_num,PRI_jet_leading_pt,PRI_jet_leading_eta,PRI_jet_leading_phi,PRI_jet_subleading_pt,PRI_jet_subleading_eta,PRI_jet_subleading_phi,PRI_jet_all_pt,Weight,Label
100000,138.47,51.655,97.827,27.98,0.91,124.711,2.666,3.064,41.928,197.76,1.582,1.396,0.2,32.638,1.017,0.381,51.626,2.273,-2.414,16.824,-0.277,258.733,2,67.435,2.15,0.444,46.062,1.24,-2.475,113.497,0.00265331133733,s
100001,160.937,68.768,103.235,48.146,-999.0,-999.0,-999.0,3.473,2.078,125.157,0.879,1.414,-999.0,42.014,2.039,-3.011,36.918,0.501,0.103,44.704,-1.916,164.546,1,46.226,0.725,1.158,-999.0,-999.0,-999.0,46.226,2.23358448717,b
100002,-999.0,162.172,125.953,35.635,-999.0,-999.0,-999.0,3.148,9.336,197.814,3.776,1.414,-999.0,32.154,-0.705,-2.093,121.409,-0.953,1.052,54.283,-2.186,260.414,1,44.251,2.053,-2.028,-999.0,-999.0,-999.0,44.251,2.34738894364,b
100003,143.905,81.417,80.943,0.414,-999.0,-999.0,-999.0,3.31,0.414,75.968,2.354,-1.285,-999.0,22.647,-1.655,0.01,53.321,-0.522,-3.1,31.082,0.06,86.062,0,-999.0,-999.0,-999.0,-999.0,-999.0,-999.0,-0.0,5.44637821192,b
100004,175.864,16.915,134.805,16.405,-999.0,-999.0,-999.0,3.891,16.405,57.983,1.056,-1.385,-999.0,28.209,-2.197,-2.231,29.774,0.798,1.569,2.723,-0.871,53.131,0,-999.0,-999.0,-999.0,-999.0,-999.0,-999.0,0.0,6.24533268686,b
100005,89.744,13.55,59.149,116.344,2.636,284.584,-0.54,1.362,61.619,278.876,0.588,0.479,0.975,53.651,0.371,1.329,31.565,-0.884,1.857,40.735,2.237,282.849,3,90.547,-2.412,-0.653,56.165,0.224,3.106,193.66,0.0834140312717,b
100006,148.754,28.862,107.782,106.13,0.733,158.359,0.113,2.941,2.545,305.967,3.371,1.393,0.791,28.85,1.113,2.409,97.24,0.675,-0.966,38.421,-1.443,294.074,2,123.01,0.864,1.45,56.867,0.131,-2.767,179.877,0.00265331133733,s
100007,154.916,10.418,94.714,29.169,-999.0,-999.0,-999.0,2.897,1.526,138.178,0.365,-1.305,-999.0,78.8,0.654,1.547,28.74,0.506,-1.347,22.275,-1.761,187.299,1,30.638,-0.715,-1.724,-999.0,-999.0,-999.0,30.638,0.018636116672,s
100008,105.594,50.559,100.989,4.288,-999.0,-999.0,-999.0,2.904,4.288,65.333,0.675,-1.366,-999.0,39.008,2.433,-2.532,26.325,0.21,1.884,37.791,0.024,129.804,0,-999.0,-999.0,-999.0,-999.0,-999.0,-999.0,0.0,5.29600298518,b
100009,128.053,88.941,69.272,193.392,-999.0,-999.0,-999.0,1.609,28.859,255.123,0.599,0.538,-999.0,54.646,-1.533,0.416,32.742,-0.317,-0.636,132.678,0.845,294.741,1,167.735,-2.767,-2.514,-999.0,-999.0,-999.0,167.735,0.00150187015894,s
100010,-999.0,86.24,79.692,27.201,-999.0,-999.0,-999.0,2.338,27.201,81.734,1.75,-1.412,-999.0,29.718,-0.866,2.878,52.016,0.126,-1.288,51.276,0.688,250.178,0,-999.0,-999.0,-999.0,-999.0,-999.0,-999.0,0.0,2.29950373735,b
100011,114.744,10.286,75.712,30.816,2.563,252.599,-1.401,2.888,36.745,239.804,1.061,1.364,0.769,35.976,-0.669,-0.342,38.188,-0.165,2.502,22.385,2.148,290.547,3,76.773,-0.79,0.303,56.876,1.773,-2.079,165.64,0.307169523947,b
100012,145.297,64.234,103.565,106.999,-999.0,-999.0,-999.0,2.183,24.66,192.245,0.576,0.689,-999.0,62.89,-0.766,-1.632,36.237,0.722,-0.035,43.91,-1.907,232.362,1,93.117,-0.97,1.943,-999.0,-999.0,-999.0,93.117,1.68161144262,b
100013,82.488,31.663,64.128,8.232,-999.0,-999.0,-999.0,2.823,8.232,58.649,1.303,-1.414,-999.0,25.47,-0.654,-2.99,33.179,-1.665,-0.354,12.439,1.433,163.42,0,-999.0,-999.0,-999.0,-999.0,-999.0,-999.0,0.0,2.18389154017,b
100014,-999.0,109.412,14.398,17.323,-999.0,-999.0,-999.0,0.472,17.323,62.565,1.774,-0.272,-999.0,22.552,1.389,1.34,40.013,1.856,1.412,75.197,-1.583,198.616,0,-999.0,-999.0,-999.0,-999.0,-999.0,-999.0,0.0,2.15119866823,b
100015,111.026,32.096,75.271,23.067,-999.0,-999.0,-999.0,3.205,23.067,69.649,1.276,-1.414,-999.0,30.606,-1.107,-1.903,39.043,-1.944,1.191,19.959,2.415,122.176,0,-999.0,-999.0,-999.0,-999.0,-999.0,-999.0,-0.0,0.018636116672,s
100016,114.256,4.351,67.963,47.221,-999.0,-999.0,-999.0,2.954,26.243,100.93,1.145,0.218,-999.0,30.145,0.484,-0.929,34.522,-0.215,1.941,41.899,2.055,191.568,1,36.263,-0.766,-0.686,-999.0,-999.0,-999.0,36.263,1.45484847268,b
100017,127.861,50.953,77.267,26.967,-999.0,-999.0,-999.0,2.833,26.967,79.503,1.586,1.401,-999.0,30.739,-0.635,2.603,48.764,-0.343,-0.862,17.557,-2.975,211.72,0,-999.0,-999.0,-999.0,-999.0,-999.0,-999.0,0.0,0.00150270483101,s
100018,-999.0,85.186,68.827,5.042,-999.0,-999.0,-999.0,2.116,5.042,71.443,1.558,-1.351,-999.0,27.931,1.175,2.356,43.512,2.332,0.584,44.698,-2.033,151.816,0,-999.0,-999.0,-999.0,-999.0,-999.0,-999.0,0.0,5.12162357847,b
100019,-999.0,88.767,115.058,15.337,-999.0,-999.0,-999.0,2.879,15.337,58.211,0.875,-1.395,-999.0,31.046,1.38,0.451,27.165,-1.486,0.724,72.981,-2.577,115.145,0,-999.0,-999.0,-999.0,-999.0,-999.0,-999.0,-0.0,5.97935067368,b
100020,-999.0,89.705,41.765,18.437,-999.0,-999.0,-999.0,1.395,18.437,57.157,1.082,-1.178,-999.0,27.453,1.58,2.51,29.704,0.341,1.869,67.909,-1.169,225.139,0,-999.0,-999.0,-999.0,-999.0,-999.0,-999.0,0.0,2.19859445131,b
100021,90.736,18.674,60.231,25.156,-999.0,-999.0,-999.0,2.363,25.156,64.833,0.749,-0.8,-999.0,37.06,1.537,-2.616,27.773,1.161,1.335,27.431,0.645,169.061,0,-999.0,-999.0,-999.0,-999.0,-999.0,-999.0,0.0,1.68161144262,b
100022,87.075,38.217,67.041,2.347,-999.0,-999.0,-999.0,2.852,2.347,65.281,1.276,-1.409,-999.0,28.688,1.739,-2.975,36.594,2.367,-0.193,12.556,2.008,68.527,0,-999.0,-999.0,-999.0,-999.0,-999.0,-999.0,0.0,4.56936798721,b
100023,141.481,0.736,111.581,174.075,1.955,364.344,-0.923,1.335,6.663,440.859,0.652,1.042,0.207,98.565,0.19,-1.506,64.285,1.405,-0.952,17.96,-0.973,454.785,2,195.533,1.156,1.416,82.477,-0.798,-2.785,278.009,0.00150270483101,s
100024,110.785,72.927,82.775,30.888,-999.0,-999.0,-999.0,3.032,30.888,77.888,2.581,1.353,-999.0,21.751,-0.709,-1.088,56.137,0.531,1.679,27.318,-0.716,253.577,0,-999.0,-999.0,-999.0,-999.0,-999.0,-999.0,0.0,2.54166564877,b
100025,76.883,34.384,56.993,5.569,-999.0,-999.0,-999.0,2.912,5.569,58.116,1.492,-1.409,-999.0,23.319,-0.081,-0.338,34.797,-0.321,2.564,10.098,-1.397,93.086,0,-999.0,-999.0,-999.0,-999.0,-999.0,-999.0,-0.0,1.68161144262,b
100026,137.197,68.009,78.296,35.332,-999.0,-999.0,-999.0,2.883,0.204,115.081,1.295,1.403,-999.0,34.657,1.587,-2.231,44.897,1.664,1.17,32.07,-2.891,82.224,1,35.527,4.347,-0.169,-999.0,-999.0,-999.0,35.527,0.00150270483101,s
100027,111.271,27.18,70.642,144.766,4.936,1021.322,-5.834,1.795,0.367,309.992,2.848,1.306,0.696,24.899,-0.089,-2.342,70.923,-0.98,-0.783,69.364,-1.173,289.876,2,170.712,-1.961,2.22,43.458,2.974,-0.103,214.17,0.00150270483101,s
100028,118.104,2.633,77.31,91.388,-999.0,-999.0,-999.0,1.976,21.536,159.743,1.172,1.061,-999.0,37.999,-0.214,-2.678,44.523,-1.354,-1.064,39.141,-1.127,175.843,1,77.221,-0.049,1.426,-999.0,-999.0,-999.0,77.221,0.00150270483101,s
100029,98.761,14.024,74.23,132.806,3.676,315.854,-2.665,1.261,23.29,239.33,1.541,1.306,0.982,49.624,-1.093,1.995,76.454,-0.595,0.836,26.438,1.15,357.815,2,80.627,0.993,-2.018,32.625,-2.683,-1.467,113.252,0.309795155685,b
100030,-999.0,91.316,51.771,33.742,-999.0,-999.0,-999.0,1.309,0.876,112.809,1.718,-1.318,-999.0,29.267,-1.346,-0.333,50.292,-2.443,-1.046,44.156,2.595,157.431,1,33.25,-3.199,2.057,-999.0,-999.0,-999.0,33.25,2.33194112835,b
100031,121.681,6.041,73.202,198.114,2.639,295.942,-1.738,1.148,31.017,412.518,0.262,0.838,0.984,126.071,0.953,2.492,32.986,0.231,-2.899,65.09,-2.769,515.415,3,182.449,1.383,0.001,38.006,-1.257,-0.609,253.461,0.00150270483101,s
100032,129.186,64.045,69.499,63.165,5.087,854.799,-6.159,2.745,6.58,203.08,0.769,1.355,0.82,37.764,0.215,0.74,29.054,-0.575,-2.914,45.253,1.204,199.861,2,81.17,3.102,-0.977,55.092,-1.985,3.065,136.262,0.00150270483101,s
100033,123.112,62.758,86.702,39.901,3.16,244.181,-2.139,2.825,9.732,184.194,2.089,1.337,0.929,26.075,-0.175,-0.782,54.476,1.026,2.944,23.618,-1.209,309.43,2,71.127,2.177,0.558,32.515,-0.983,-2.628,103.642,1.13515160396,b
100034,156.894,39.256,122.894,71.682,-999.0,-999.0,-999.0,2.387,29.365,148.381,1.11,0.655,-999.0,48.605,-2.123,-3.018,53.933,-0.456,-1.308,10.096,2.976,195.864,1,45.843,1.131,1.15,-999.0,-999.0,-999.0,45.843,2.38022399978,b
100035,72.712,20.762,50.255,39.263,-999.0,-999.0,-999.0,2.186,21.817,103.596,1.269,1.414,-999.0,25.085,-0.251,3.006,31.832,-0.357,0.823,12.563,1.915,152.875,1,46.679,-1.711,-1.864,-999.0,-999.0,-999.0,46.679,1.68161144262,b
100036,134.153,23.856,100.96,9.377,-999.0,-999.0,-999.0,2.846,9.377,101.789,0.759,-1.405,-999.0,57.869,-0.428,0.614,43.919,-0.1,-2.842,11.797,-1.739,241.281,0,-999.0,-999.0,-999.0,-999.0,-999.0,-999.0,-0.0,0.018636116672,s
100037,155.487,61.072,125.013,2.768,-999.0,-999.0,-999.0,2.908,2.768,123.704,1.176,-1.408,-999.0,56.845,-0.935,2.009,66.859,-1.357,-1.397,16.589,0.923,95.267,0,-999.0,-999.0,-999.0,-999.0,-999.0,-999.0,-0.0,0.018636116672,s
100038,138.362,38.034,99.038,65.021,1.814,275.461,1.506,2.605,97.25,403.267,1.875,0.023,0.0,21.326,1.459,-1.615,39.994,-1.133,-1.869,18.093,-0.299,453.69,3,114.602,0.619,0.165,77.053,2.433,-2.637,341.947,0.018636116672,s
100039,120.506,22.729,88.889,35.999,0.218,167.175,5.17,2.465,32.706,294.349,1.448,1.171,0.0,39.107,-1.081,1.431,56.61,-1.185,-1.032,2.713,1.29,243.867,3,88.399,-2.168,-1.423,77.27,-2.385,1.876,198.632,0.00265331133733,s
100040,109.684,42.664,86.064,0.23,-999.0,-999.0,-999.0,2.745,0.23,82.944,0.939,-1.414,-999.0,42.787,-1.942,-0.574,40.158,-1.218,2.074,20.195,-2.516,59.902,0,-999.0,-999.0,-999.0,-999.0,-999.0,-999.0,0.0,0.018636116672,s
100041,90.833,62.236,53.228,21.581,-999.0,-999.0,-999.0,2.629,21.581,55.182,1.445,-0.797,-999.0,22.566,1.645,-2.03,32.616,1.287,0.574,29.74,-2.484,70.266,0,-999.0,-999.0,-999.0,-999.0,-999.0,-999.0,0.0,2.04995062035,b
100042,122.516,50.183,87.682,102.403,3.28,479.59,-2.564,1.881,0.731,297.49,0.477,1.025,0.631,77.097,-0.303,-2.694,36.746,-0.758,1.764,27.921,-2.719,275.222,2,98.198,1.995,0.961,85.448,-1.285,-0.995,183.646,0.00150270483101,s
100043,132.049,65.682,87.937,0.861,-999.0,-999.0,-999.0,2.952,0.861,87.374,1.542,-1.377,-999.0,34.371,-1.723,-2.546,53.003,-1.181,0.355,21.006,3.141,68.796,0,-999.0,-999.0,-999.0,-999.0,-999.0,-999.0,-0.0,4.68017265605,b
100044,84.86,33.706,67.847,18.079,-999.0,-999.0,-999.0,2.346,18.079,73.32,1.076,-1.367,-999.0,35.311,1.323,2.505,38.009,1.526,-1.44,17.651,-0.023,176.82,0,-999.0,-999.0,-999.0,-999.0,-999.0,-999.0,-0.0,0.0713571365583,b
100045,27.788,68.032,23.53,33.375,1.37,78.189,3.443,0.78,10.201,132.965,1.373,-0.776,0.024,26.365,0.664,1.693,36.2,0.656,2.474,32.195,-0.498,233.334,2,37.734,2.663,-0.491,32.666,1.293,-2.358,70.4,1.91655443992,b
100046,201.473,23.002,104.041,60.49,4.437,491.375,-4.916,2.968,1.786,247.731,0.257,1.408,0.688,102.618,-1.475,2.409,26.334,-1.281,-0.913,47.249,-1.577,337.398,2,86.447,-2.142,0.298,32.332,2.295,-2.273,118.779,0.018636116672,s
100047,130.079,53.335,97.435,1.382,-999.0,-999.0,-999.0,3.023,1.382,93.255,1.32,-1.403,-999.0,40.193,-1.06,-0.659,53.062,-0.374,2.681,14.532,0.104,118.867,0,-999.0,-999.0,-999.0,-999.0,-999.0,-999.0,0.0,0.018636116672,s
100048,167.534,41.277,123.308,9.909,-999.0,-999.0,-999.0,2.776,9.909,124.886,0.713,-1.406,-999.0,72.924,-0.14,0.934,51.962,0.266,-2.603,23.577,-1.342,319.578,0,-999.0,-999.0,-999.0,-999.0,-999.0,-999.0,0.0,1.7409752852,b
100049,95.407,21.584,67.766,1.482,-999.0,-999.0,-999.0,3.042,1.482,67.894,1.087,-1.414,-999.0,32.531,0.801,1.014,35.363,0.826,-2.227,4.67,-0.233,70.691,0,-999.0,-999.0,-999.0,-999.0,-999.0,-999.0,0.0,0.018636116672,s
100050,219.057,72.461,124.835,5.506,-999.0,-999.0,-999.0,3.771,46.936,122.986,1.932,-1.382,-999.0,24.759,-1.063,0.332,47.83,1.347,-2.569,28.499,0.96,90.355,1,50.396,-0.708,-0.642,-999.0,-999.0,-999.0,50.396,2.94211761024,b
100051,104.142,37.94,69.029,50.58,3.941,411.813,-1.86,2.448,4.194,185.688,0.989,1.407,0.991,35.311,0.948,-2.167,34.912,1.605,1.758,24.104,-3.099,202.281,2,69.371,-0.548,0.57,46.094,3.392,-1.725,115.465,0.00150270483101,s
100052,-999.0,83.924,136.152,40.286,-999.0,-999.0,-999.0,3.111,40.286,67.818,1.884,-0.574,-999.0,23.515,-1.272,-1.525,44.302,1.66,-2.567,41.305,0.183,104.743,0,-999.0,-999.0,-999.0,-999.0,-999.0,-999.0,-0.0,6.8839427672,b
100053,-999.0,98.947,85.408,1.578,-999.0,-999.0,-999.0,2.598,1.578,89.173,2.074,-1.331,-999.0,29.005,0.167,-0.454,60.168,0.918,2.033,42.635,-1.54,146.821,0,-999.0,-999.0,-999.0,-999.0,-999.0,-999.0,-0.0,5.04146846913,b
100054,219.292,74.6,177.143,2.423,-999.0,-999.0,-999.0,4.054,2.423,71.678,1.841,-1.337,-999.0,25.232,1.099,-2.41,46.447,-2.127,1.419,31.593,-1.263,106.965,0,-999.0,-999.0,-999.0,-999.0,-999.0,-999.0,0.0,6.98825587467,b
100055,51.025,50.315,46.006,1.303,-999.0,-999.0,-999.0,2.109,1.303,52.149,1.155,-1.411,-999.0,24.198,0.872,-2.822,27.952,0.457,-0.755,28.169,1.469,54.023,0,-999.0,-999.0,-999.0,-999.0,-999.0,-999.0,-0.0,4.38780746053,b
100056,-999.0,110.686,65.448,49.395,0.482,24.02,7.901,2.893,26.385,138.2,2.106,-1.393,0.0,21.631,-0.767,-1.698,45.546,-0.107,1.769,73.398,-0.785,185.682,2,40.581,-3.062,2.144,30.442,-2.58,2.396,71.023,2.15593977192,b
100057,148.523,31.911,97.497,171.074,1.209,262.61,-0.067,1.423,20.859,420.089,1.018,0.558,0.0,73.982,-1.987,-2.864,75.348,-1.992,-1.441,86.93,-1.044,521.36,2,214.449,-0.058,1.525,56.31,1.151,-1.743,270.759,0.00150270483101,s
100058,104.221,13.816,71.225,27.029,-999.0,-999.0,-999.0,2.836,27.029,70.783,1.005,1.389,-999.0,35.306,-2.443,-2.933,35.478,-2.046,-0.125,17.674,-0.684,149.85,0,-999.0,-999.0,-999.0,-999.0,-999.0,-999.0,0.0,0.00150270483101,s
100059,73.819,83.737,60.659,43.435,1.494,162.191,-0.546,1.576,45.807,273.216,2.027,-1.34,0.001,30.0,2.02,-1.803,60.803,1.905,2.908,39.933,0.877,283.314,3,80.042,-0.856,1.304,52.501,0.638,-1.114,182.413,0.74405624723,b
100060,103.646,40.918,64.244,135.726,0.68,73.056,1.649,1.524,18.535,305.027,0.517,1.287,0.959,61.114,-0.595,1.353,31.599,-1.398,2.648,59.825,1.668,402.277,3,78.174,-1.668,-0.978,58.097,-0.989,-1.727,212.314,0.00150270483101,s
100061,122.934,73.141,68.069,4.647,-999.0,-999.0,-999.0,2.992,4.647,74.409,2.326,-1.361,-999.0,22.375,0.805,-1.579,52.034,0.814,1.413,25.922,-1.913,89.716,0,-999.0,-999.0,-999.0,-999.0,-999.0,-999.0,0.0,0.018636116672,s
100062,139.394,71.611,78.711,28.947,-999.0,-999.0,-999.0,2.945,2.399,110.117,1.594,1.397,-999.0,30.409,2.452,-0.472,48.47,1.948,2.429,30.839,0.061,162.628,1,31.238,-2.123,-2.415,-999.0,-999.0,-999.0,31.238,2.02282887771,b
100063,92.065,65.274,53.52,28.173,-999.0,-999.0,-999.0,2.738,28.173,54.346,1.202,-1.304,-999.0,24.676,-0.828,1.37,29.67,-0.541,-2.19,36.512,0.692,84.621,0,-999.0,-999.0,-999.0,-999.0,-999.0,-999.0,0.0,4.3775733904,b
100064,92.696,51.669,68.835,39.384,-999.0,-999.0,-999.0,2.513,15.701,123.58,2.285,1.329,-999.0,23.815,-0.034,3.075,54.41,-0.249,-0.705,16.44,-2.79,215.024,1,45.355,-0.977,1.973,-999.0,-999.0,-999.0,45.355,1.68161144262,b
100065,83.081,63.334,60.631,38.653,-999.0,-999.0,-999.0,2.077,0.91,111.277,1.715,0.089,-999.0,26.803,1.979,-3.099,45.97,2.125,-1.027,23.701,2.686,214.474,1,38.504,2.526,0.914,-999.0,-999.0,-999.0,38.504,0.991912782017,b
100066,123.715,57.088,81.811,53.612,-999.0,-999.0,-999.0,3.043,53.612,82.428,0.562,1.404,-999.0,52.772,2.288,2.793,29.656,1.748,-0.495,30.361,-3.01,222.183,0,-999.0,-999.0,-999.0,-999.0,-999.0,-999.0,-0.0,1.45484847268,b
100067,94.229,78.683,69.352,25.679,-999.0,-999.0,-999.0,2.507,25.679,71.802,1.481,-0.909,-999.0,28.94,1.102,-2.445,42.862,0.519,1.4,36.135,-1.794,218.411,0,-999.0,-999.0,-999.0,-999.0,-999.0,-999.0,0.0,4.66794722056,b
100068,88.532,16.345,50.14,95.309,4.557,580.126,-3.436,1.771,34.156,187.654,1.29,1.306,0.585,26.665,-1.201,0.175,34.406,-0.344,1.725,52.175,1.337,326.007,2,83.996,-0.953,-1.522,42.588,3.604,-2.122,126.584,0.0713571365583,b
100069,101.675,72.911,49.453,42.633,-999.0,-999.0,-999.0,2.605,42.633,51.687,1.302,0.136,-999.0,22.455,1.337,1.183,29.231,1.411,-1.421,46.471,1.425,126.9,0,-999.0,-999.0,-999.0,-999.0,-999.0,-999.0,0.0,1.68161144262,b
100070,120.253,30.144,82.176,38.736,3.918,407.579,-3.457,2.551,46.301,243.103,1.017,1.4,0.434,39.923,1.963,0.062,40.602,1.174,-2.364,11.126,-0.788,337.559,3,59.401,1.342,-0.369,53.711,-2.577,2.14,162.577,0.00150270483101,s
100071,-999.0,70.619,81.224,23.097,-999.0,-999.0,-999.0,1.724,23.097,122.205,0.304,-1.178,-999.0,93.741,0.675,0.441,28.464,1.294,2.05,75.369,-2.499,169.293,0,-999.0,-999.0,-999.0,-999.0,-999.0,-999.0,-0.0,0.00150187015894,s
100072,96.906,71.751,74.602,39.664,-999.0,-999.0,-999.0,2.348,14.617,107.103,0.984,-0.875,-999.0,35.66,0.557,-1.441,35.076,1.736,2.811,36.787,-0.432,148.77,1,36.367,-1.891,1.316,-999.0,-999.0,-999.0,36.367,2.13327544159,b
100073,92.222,16.05,64.769,3.422,-999.0,-999.0,-999.0,2.824,3.422,66.948,0.662,-1.39,-999.0,40.271,-2.097,1.567,26.677,-2.163,-1.256,13.736,-2.121,124.752,0,-999.0,-999.0,-999.0,-999.0,-999.0,-999.0,0.0,0.018636116672,s
100074,-999.0,65.71,56.525,1.118,-999.0,-999.0,-999.0,2.012,1.118,66.151,1.174,-1.407,-999.0,30.428,1.804,1.066,35.723,2.193,-0.908,36.227,3.073,123.357,0,-999.0,-999.0,-999.0,-999.0,-999.0,-999.0,-0.0,4.38741746703,b
100075,98.597,41.715,78.618,3.375,-999.0,-999.0,-999.0,2.409,3.375,86.58,0.62,-1.359,-999.0,53.443,-0.714,1.477,33.137,-0.668,-0.932,36.055,-2.228,135.433,0,-999.0,-999.0,-999.0,-999.0,-999.0,-999.0,-0.0,0.00150187015894,s
100076,239.551,118.683,193.111,6.549,-999.0,-999.0,-999.0,2.857,6.549,181.614,1.246,-1.398,-999.0,80.853,0.563,-1.877,100.761,1.4,0.855,39.99,-3.012,170.842,0,-999.0,-999.0,-999.0,-999.0,-999.0,-999.0,0.0,2.10839475151,b
100077,86.629,33.856,67.5,49.081,2.978,229.16,-1.67,1.951,17.799,204.93,1.273,-0.7,0.422,28.542,-0.476,2.973,36.328,-2.124,1.929,12.569,0.1,215.393,3,56.951,0.749,-0.296,42.88,-2.229,-2.825,140.06,0.307169523947,b
100078,132.35,65.858,106.57,124.84,5.822,1558.773,-8.423,1.931,34.787,303.37,3.479,-0.24,0.998,29.167,1.769,1.972,101.483,0.362,-2.989,37.422,-1.862,325.373,2,101.934,3.139,0.444,70.786,-2.683,-0.567,172.721,0.00150270483101,s
100079,123.29,52.954,76.946,129.157,-999.0,-999.0,-999.0,1.769,26.758,224.796,0.427,1.286,-999.0,76.021,0.184,-1.902,32.459,0.083,2.615,52.567,-2.277,273.452,1,116.316,-1.171,0.641,-999.0,-999.0,-999.0,116.316,0.00265331133733,s
100080,84.608,50.05,63.451,0.658,-999.0,-999.0,-999.0,2.961,0.658,57.911,1.655,-1.375,-999.0,21.816,2.445,-0.567,36.095,1.377,2.954,18.405,0.296,29.742,0,-999.0,-999.0,-999.0,-999.0,-999.0,-999.0,0.0,5.09924550525,b
100081,-999.0,65.312,50.047,0.515,-999.0,-999.0,-999.0,2.13,74.884,132.893,1.709,-1.372,-999.0,21.429,0.266,-0.062,36.623,0.718,2.02,32.276,-1.758,32.944,1,74.841,0.616,-1.564,-999.0,-999.0,-999.0,74.841,1.68161144262,b
100082,166.64,15.868,80.477,77.915,1.575,215.121,-0.544,2.871,28.035,410.568,0.691,1.31,0.159,39.441,-0.64,-2.622,27.269,0.793,1.174,69.34,1.541,453.141,3,85.392,-1.062,0.166,81.559,0.513,-2.255,343.858,0.00150270483101,s
100083,145.99,68.862,97.342,28.538,4.664,396.915,-5.149,3.088,24.909,174.47,2.139,1.41,0.677,31.234,-0.185,2.945,66.796,-0.917,-0.056,20.804,2.299,198.904,2,39.577,2.871,-2.316,36.863,-1.793,1.295,76.44,1.08294034035,b
100084,99.668,25.986,60.637,192.267,1.048,231.346,-0.273,1.405,37.955,435.679,3.282,0.677,0.475,23.845,-0.56,1.128,78.248,0.418,0.119,105.389,-0.168,392.838,3,176.49,-0.558,2.664,73.566,0.49,-1.616,333.586,0.358539992008,b
100085,-999.0,71.692,52.779,2.705,-999.0,-999.0,-999.0,1.985,2.705,50.751,1.533,-1.349,-999.0,20.039,-0.33,-2.606,30.712,-1.988,-1.514,43.206,1.27,72.211,0,-999.0,-999.0,-999.0,-999.0,-999.0,-999.0,-0.0,5.57171162468,b
100086,199.9,78.686,167.085,77.236,-999.0,-999.0,-999.0,2.934,17.233,172.545,1.785,-0.112,-999.0,30.651,-0.735,0.131,54.696,2.183,0.439,43.135,2.327,277.402,1,87.198,-2.031,-2.452,-999.0,-999.0,-999.0,87.198,3.08093077511,b
100087,92.079,42.327,71.28,29.118,-999.0,-999.0,-999.0,2.322,29.118,73.226,1.257,-1.284,-999.0,32.441,0.71,-0.658,40.785,-0.107,-2.831,28.662,2.117,146.893,0,-999.0,-999.0,-999.0,-999.0,-999.0,-999.0,-0.0,2.01195552863,b
100088,117.247,102.167,79.738,34.164,-999.0,-999.0,-999.0,3.23,1.991,108.514,2.485,1.403,-999.0,21.432,0.105,-3.107,53.255,1.292,0.172,53.22,2.743,111.693,1,33.828,-0.454,-1.074,-999.0,-999.0,-999.0,33.828,2.38829750344,b
100089,235.976,55.918,175.744,39.662,-999.0,-999.0,-999.0,2.69,3.627,193.94,0.618,-1.101,-999.0,94.921,-0.567,2.08,58.684,0.803,-1.888,68.732,-0.977,290.533,1,40.334,-0.965,0.94,-999.0,-999.0,-999.0,40.334,0.74405624723,b
100090,151.45,39.326,108.268,19.727,0.726,179.399,0.873,3.387,4.789,305.546,1.239,1.414,0.0,36.337,0.71,-0.014,45.014,2.317,-2.996,13.612,-1.16,390.63,3,86.379,1.365,0.155,80.424,0.639,3.118,224.195,1.11353314948,b
100091,124.118,59.132,77.775,0.419,-999.0,-999.0,-999.0,3.112,0.419,75.391,1.647,-1.381,-999.0,28.485,-0.684,1.874,46.906,-1.402,-1.382,18.813,1.566,40.3,0,-999.0,-999.0,-999.0,-999.0,-999.0,-999.0,0.0,4.83576303324,b
100092,96.97,61.769,93.213,0.51,-999.0,-999.0,-999.0,2.782,0.51,70.954,1.13,-1.411,-999.0,33.317,2.077,1.002,37.638,0.354,-3.097,32.406,-0.926,103.858,0,-999.0,-999.0,-999.0,-999.0,-999.0,-999.0,0.0,5.32794144919,b
100093,96.379,17.118,63.373,71.039,6.108,1204.243,-8.309,1.677,22.278,206.663,0.426,0.308,0.895,64.293,0.418,-2.566,27.393,0.01,2.091,36.296,1.542,261.442,2,66.27,2.045,0.05,48.707,-4.063,-1.319,114.977,0.00150270483101,s
100094,111.356,20.265,50.19,104.878,-999.0,-999.0,-999.0,2.5,26.905,138.893,1.407,1.312,-999.0,20.535,0.186,-1.546,28.883,-0.71,2.404,85.179,2.816,147.129,1,89.475,-1.828,-0.48,-999.0,-999.0,-999.0,89.475,1.68161144262,b
100095,98.181,68.298,77.216,1.17,-999.0,-999.0,-999.0,2.918,1.17,63.11,2.056,-1.341,-999.0,20.651,1.013,-1.804,42.46,-0.616,0.616,29.147,-3.011,52.207,0,-999.0,-999.0,-999.0,-999.0,-999.0,-999.0,0.0,5.82371087756,b
100096,113.75,52.067,76.262,1.25,-999.0,-999.0,-999.0,2.962,1.25,77.982,1.469,-1.391,-999.0,31.581,-1.728,0.782,46.402,-1.721,-2.54,15.11,0.234,97.737,0,-999.0,-999.0,-999.0,-999.0,-999.0,-999.0,-0.0,0.018636116672,s
100097,124.575,34.558,100.197,161.051,3.243,324.597,-2.626,1.479,61.347,315.354,2.913,0.227,0.328,36.695,0.218,-0.563,106.897,1.648,-0.937,25.565,-1.611,432.241,3,97.16,-1.686,2.858,42.808,1.557,1.534,171.763,0.018636116672,s
100098,77.578,72.277,58.168,153.606,2.604,370.937,-1.597,0.988,41.756,330.67,2.032,0.572,0.061,41.804,-1.298,1.93,84.954,-1.866,2.739,50.145,1.565,351.78,2,111.656,-0.987,-0.035,92.256,1.617,-1.433,203.911,0.309795155685,b
100099,107.35,20.354,77.755,89.044,4.449,564.836,-2.99,2.482,31.871,233.139,3.61,1.335,0.251,21.617,-1.268,-1.114,78.034,-1.216,2.688,27.167,3.134,327.422,2,95.352,-0.825,-0.201,38.135,3.625,2.93,133.488,2.31755815631,b
100100,90.801,27.787,65.373,55.978,-999.0,-999.0,-999.0,2.457,20.608,138.624,2.452,1.405,-999.0,21.977,1.603,-0.643,53.881,1.873,1.799,18.209,0.88,219.339,1,62.766,0.778,-2.209,-999.0,-999.0,-999.0,62.766,1.45484847268,b
100101,95.787,24.109,63.069,49.994,0.237,146.118,3.859,2.266,54.026,238.888,0.891,1.411,0.0,33.7,-1.261,1.827,30.017,-0.295,-0.223,16.769,0.911,415.991,2,135.815,-2.087,-2.199,39.356,-1.85,0.49,175.171,0.00150270483101,s
100102,101.079,91.317,79.19,73.323,2.463,261.761,-1.358,2.6,58.155,338.283,4.091,-1.411,0.656,20.291,-1.279,-2.592,83.013,-1.199,0.007,47.763,1.629,376.038,3,90.445,-1.63,-1.166,58.965,0.833,3.092,234.979,0.74405624723,b
100103,130.123,8.251,81.732,81.065,3.022,262.128,-2.12,2.111,51.577,237.168,0.716,1.199,0.995,49.824,0.784,3.127,35.67,-0.292,1.311,35.508,1.544,363.616,3,73.26,-1.915,-1.662,41.357,1.107,1.3,151.674,0.00150270483101,s
100104,130.634,74.772,102.183,25.928,-999.0,-999.0,-999.0,2.723,25.928,89.307,0.972,-1.324,-999.0,45.279,0.375,3.133,44.028,-0.859,-0.722,33.228,1.994,126.655,0,-999.0,-999.0,-999.0,-999.0,-999.0,-999.0,0.0,2.14907970995,b
100105,208.573,6.854,154.336,57.028,2.685,183.753,0.026,3.581,5.646,161.078,2.064,1.362,0.601,20.506,-1.017,0.758,42.329,2.311,-0.563,5.651,-0.116,254.585,2,66.774,0.01,-2.731,31.47,2.695,1.342,98.243,0.74405624723,b
100106,91.616,0.245,62.842,13.974,3.655,448.409,-1.74,3.102,7.63,203.75,0.956,0.618,0.396,32.02,0.66,0.988,30.618,0.495,-2.198,15.291,-2.187,245.168,2,78.35,-3.092,0.136,62.761,0.563,3.065,141.111,0.00150270483101,s
100107,109.829,3.322,65.336,52.22,2.893,211.215,3.061,3.129,1.148,162.336,1.235,1.402,0.543,29.094,1.424,-2.994,35.932,1.139,0.122,45.334,0.04,148.394,2,55.814,3.716,-2.343,41.496,0.824,1.908,97.31,0.00150270483101,s
100108,90.331,79.938,65.701,1.437,-999.0,-999.0,-999.0,2.725,1.437,72.782,2.381,-1.3,-999.0,21.525,-0.555,0.065,51.256,-0.251,2.773,31.692,-0.626,71.42,0,-999.0,-999.0,-999.0,-999.0,-999.0,-999.0,-0.0,4.91492221542,b
100109,114.661,81.66,93.669,37.014,-999.0,-999.0,-999.0,2.532,0.953,131.033,2.837,-1.091,-999.0,24.525,0.895,0.725,69.58,-0.432,2.882,24.002,-0.345,158.382,1,36.929,-0.194,-0.806,-999.0,-999.0,-999.0,36.929,2.61113704635,b
100110,139.756,33.666,92.662,122.937,-999.0,-999.0,-999.0,1.879,5.482,244.124,1.785,1.369,-999.0,41.723,1.924,-0.002,74.494,1.366,1.792,46.028,1.208,222.506,1,127.907,1.837,-1.936,-999.0,-999.0,-999.0,127.907,0.00265331133733,s
100111,87.523,25.455,59.525,85.59,4.868,463.181,-3.399,1.739,16.239,160.678,1.454,1.392,0.401,32.184,0.535,-1.562,46.784,0.738,0.165,33.088,-0.494,205.065,2,42.484,0.845,2.605,39.226,-4.023,2.314,81.71,0.073899129815,b
100112,287.995,72.23,229.336,5.771,-999.0,-999.0,-999.0,3.269,5.771,190.506,1.143,-1.413,-999.0,88.877,2.264,-2.105,101.629,0.995,1.166,16.984,-0.942,317.119,0,-999.0,-999.0,-999.0,-999.0,-999.0,-999.0,0.0,2.23235481662,b
100113,86.557,35.819,66.08,62.125,-999.0,-999.0,-999.0,1.965,0.11,149.841,2.604,1.2,-999.0,24.356,1.373,-0.481,63.414,1.043,-2.418,8.923,-0.713,153.275,1,62.07,1.846,1.258,-999.0,-999.0,-999.0,62.07,1.68161144262,b
100114,81.926,64.281,63.079,3.257,-999.0,-999.0,-999.0,2.615,3.257,65.828,1.685,-1.349,-999.0,24.521,-1.858,-2.487,41.307,-2.345,0.082,26.407,2.759,71.221,0,-999.0,-999.0,-999.0,-999.0,-999.0,-999.0,-0.0,4.72700635171,b
100115,134.169,22.734,93.298,11.98,-999.0,-999.0,-999.0,3.466,11.98,72.805,1.17,-1.414,-999.0,33.546,0.703,-2.647,39.259,-0.774,0.501,9.197,-0.781,136.35,0,-999.0,-999.0,-999.0,-999.0,-999.0,-999.0,0.0,0.00150270483101,s
100116,-999.0,101.879,67.115,27.599,-999.0,-999.0,-999.0,1.87,27.599,94.356,2.779,-1.34,-999.0,24.971,-1.934,0.359,69.385,-2.063,-1.507,39.888,2.139,145.556,0,-999.0,-999.0,-999.0,-999.0,-999.0,-999.0,0.0,4.96903555292,b
100117,230.352,85.934,164.075,2.839,-999.0,-999.0,-999.0,3.758,2.839,91.37,1.796,-1.353,-999.0,32.68,-1.923,-0.395,58.69,0.567,3.072,32.344,0.264,163.563,0,-999.0,-999.0,-999.0,-999.0,-999.0,-999.0,-0.0,6.51160169304,b
100118,118.996,2.342,72.142,91.566,0.313,281.954,0.882,2.267,101.716,432.48,1.057,0.678,0.0,25.247,0.974,-1.767,26.686,-1.287,-1.941,40.108,-2.013,500.167,3,148.174,1.109,-1.21,140.818,0.796,1.344,380.547,0.00150270483101,s
100119,116.446,10.168,85.445,1.035,-999.0,-999.0,-999.0,3.025,1.035,84.65,0.719,-1.387,-999.0,49.247,0.367,1.085,35.402,-0.086,-2.207,15.307,-1.767,124.793,0,-999.0,-999.0,-999.0,-999.0,-999.0,-999.0,0.0,0.018636116672,s
100120,351.217,9.132,290.837,23.855,-999.0,-999.0,-999.0,3.407,23.855,213.762,0.925,1.367,-999.0,111.047,-0.707,1.081,102.715,0.952,-2.226,16.643,-2.447,279.081,0,-999.0,-999.0,-999.0,-999.0,-999.0,-999.0,0.0,1.68161144262,b
100121,114.254,13.103,72.166,102.395,-999.0,-999.0,-999.0,2.162,44.56,158.031,1.918,0.693,-999.0,27.105,-0.296,0.689,51.977,0.651,-1.254,61.329,-1.487,258.106,1,78.949,-1.634,2.421,-999.0,-999.0,-999.0,78.949,0.00150270483101,s
100122,64.901,54.866,52.189,79.849,-999.0,-999.0,-999.0,1.169,10.785,173.583,1.679,-0.081,-999.0,32.643,0.124,-1.024,54.822,1.275,-0.818,19.706,1.157,216.372,1,86.119,2.199,2.361,-999.0,-999.0,-999.0,86.119,1.37339094711,b
100123,-999.0,81.748,46.618,30.565,-999.0,-999.0,-999.0,1.387,1.732,104.505,1.481,-1.237,-999.0,29.4,-1.513,0.602,43.531,-1.972,1.911,51.428,-2.287,82.313,1,31.574,2.97,-0.621,-999.0,-999.0,-999.0,31.574,2.07679700221,b
100124,96.998,30.697,78.583,72.32,-999.0,-999.0,-999.0,1.966,23.068,128.826,2.54,-0.034,-999.0,21.442,0.73,-1.953,54.455,-1.236,-1.908,5.051,0.456,155.861,1,52.929,-1.836,1.067,-999.0,-999.0,-999.0,52.929,2.73965164024,b
100125,129.803,5.799,96.706,154.97,4.023,580.409,-0.919,1.512,26.316,347.889,0.227,0.721,0.636,147.537,-0.611,-2.938,33.449,-0.415,-1.439,15.647,-1.185,430.552,2,111.193,0.243,0.454,55.71,-3.779,0.213,166.904,0.00150270483101,s
100126,209.904,64.927,125.487,36.377,-999.0,-999.0,-999.0,3.942,27.403,108.058,1.389,-0.15,-999.0,20.636,-2.369,-2.904,28.653,0.862,-0.646,38.226,2.887,174.595,1,58.769,-3.163,0.694,-999.0,-999.0,-999.0,58.769,3.00857370569,b
100127,97.352,11.453,60.109,133.184,-999.0,-999.0,-999.0,1.411,1.566,212.501,0.66,0.76,-999.0,48.473,0.53,-1.267,32.013,1.924,-1.05,53.497,-1.328,218.335,1,132.014,1.418,1.894,-999.0,-999.0,-999.0,132.014,0.018636116672,s
100128,96.895,34.243,60.566,88.018,0.69,61.257,2.731,1.792,2.427,178.857,0.798,1.411,0.398,43.334,1.885,-0.143,34.569,2.02,-1.93,38.769,-0.957,198.516,2,59.282,2.033,2.603,41.671,1.343,1.587,100.953,0.073899129815,b
100129,-999.0,87.842,37.796,23.581,-999.0,-999.0,-999.0,1.389,23.581,56.083,1.077,-1.396,-999.0,27.003,-2.023,-1.997,29.08,-1.248,3.134,70.163,0.464,82.299,0,-999.0,-999.0,-999.0,-999.0,-999.0,-999.0,0.0,4.51169899477,b
100130,56.601,64.116,55.783,6.38,-999.0,-999.0,-999.0,2.059,6.38,51.471,1.365,-1.39,-999.0,21.763,-1.818,0.851,29.708,-0.137,-0.337,36.563,-3.01,117.605,0,-999.0,-999.0,-999.0,-999.0,-999.0,-999.0,0.0,5.47433508115,b
100131,-999.0,85.551,51.971,17.796,-999.0,-999.0,-999.0,1.963,18.889,91.137,1.915,-1.102,-999.0,20.111,-0.294,0.594,38.507,0.831,2.203,47.656,-1.047,129.989,1,32.519,1.142,-2.585,-999.0,-999.0,-999.0,32.519,2.37813344677,b
100132,-999.0,69.946,110.636,29.691,-999.0,-999.0,-999.0,2.422,1.368,107.946,0.779,-1.286,-999.0,43.767,0.854,1.609,34.109,-1.369,2.572,40.887,-1.286,120.657,1,30.071,-0.909,-0.924,-999.0,-999.0,-999.0,30.071,2.45203164492,b
100133,113.305,36.582,77.457,32.949,-999.0,-999.0,-999.0,3.058,7.316,119.755,0.516,-1.414,-999.0,52.593,1.879,-1.749,27.128,1.417,1.511,19.089,-0.356,189.261,1,40.035,-0.284,1.835,-999.0,-999.0,-999.0,40.035,1.74356174131,b
100134,-999.0,95.64,73.989,54.073,0.698,89.307,0.1,2.588,70.122,229.676,1.035,-1.371,0.0,29.731,-0.807,2.951,30.781,-2.385,0.899,82.185,-1.612,238.094,3,51.155,0.122,-2.564,44.163,0.82,1.655,169.164,0.74405624723,b
100135,139.191,19.102,96.308,69.348,4.761,1045.021,-5.662,2.38,15.847,286.643,1.236,1.354,0.892,41.078,-0.275,1.878,50.775,0.87,-2.32,23.014,-2.886,351.091,2,113.256,2.447,-0.797,81.532,-2.314,1.503,194.789,0.00150270483101,s
100136,94.753,57.575,74.542,1.168,-999.0,-999.0,-999.0,2.724,1.168,71.843,1.438,-1.389,-999.0,29.472,2.085,0.739,42.371,1.248,-1.853,22.16,1.988,57.622,0,-999.0,-999.0,-999.0,-999.0,-999.0,-999.0,0.0,1.68161144262,b
100137,-999.0,64.479,48.897,3.7,-999.0,-999.0,-999.0,2.098,3.7,54.684,1.535,-1.388,-999.0,21.569,-0.143,1.756,33.115,0.605,-2.568,35.557,-0.125,70.504,0,-999.0,-999.0,-999.0,-999.0,-999.0,-999.0,0.0,4.79629999623,b
100138,-999.0,85.463,47.401,1.946,-999.0,-999.0,-999.0,1.406,1.946,69.214,1.041,-1.414,-999.0,33.919,-1.322,-2.373,35.295,-2.13,-1.222,56.185,1.349,72.128,0,-999.0,-999.0,-999.0,-999.0,-999.0,-999.0,0.0,4.50904173441,b
100139,112.608,34.17,69.649,88.915,-999.0,-999.0,-999.0,1.821,21.597,171.593,0.959,0.063,-999.0,44.677,-0.847,-2.623,42.855,-1.125,1.861,69.794,1.225,196.929,1,84.061,-0.771,-1.501,-999.0,-999.0,-999.0,84.061,0.00265331133733,s
100140,-999.0,64.998,58.011,1.974,-999.0,-999.0,-999.0,2.165,1.974,65.052,1.432,-1.398,-999.0,26.754,-0.518,2.401,38.298,-1.026,0.297,32.432,-2.05,97.488,0,-999.0,-999.0,-999.0,-999.0,-999.0,-999.0,0.0,4.59749518885,b
100141,122.656,74.726,72.667,3.345,-999.0,-999.0,-999.0,2.984,3.345,70.086,2.437,-1.331,-999.0,20.39,-0.769,-2.109,49.696,-1.87,1.401,28.707,-1.447,103.523,0,-999.0,-999.0,-999.0,-999.0,-999.0,-999.0,0.0,5.44453056813,b
100142,155.67,70.997,132.913,50.717,-999.0,-999.0,-999.0,2.144,50.717,148.8,0.945,-1.22,-999.0,76.497,0.834,2.837,72.303,1.255,0.735,48.086,-0.557,240.906,0,-999.0,-999.0,-999.0,-999.0,-999.0,-999.0,0.0,1.82529080874,b
100143,71.772,48.878,60.579,2.538,-999.0,-999.0,-999.0,2.391,2.538,63.88,1.17,-1.413,-999.0,29.441,0.326,1.831,34.439,-0.134,-2.106,23.313,-0.025,45.745,0,-999.0,-999.0,-999.0,-999.0,-999.0,-999.0,0.0,4.41625691368,b
100144,133.451,46.221,62.985,99.843,0.006,31.827,0.039,2.204,25.809,200.532,0.63,1.414,0.0,44.464,1.248,2.716,28.019,1.278,0.513,65.651,1.651,296.681,3,52.541,0.194,-0.861,41.913,0.2,-1.402,128.049,1.37339094711,b
100145,197.06,106.642,132.162,20.307,-999.0,-999.0,-999.0,3.76,20.307,88.813,2.058,1.414,-999.0,29.043,-1.352,2.983,59.77,0.719,-0.156,48.371,2.728,89.993,0,-999.0,-999.0,-999.0,-999.0,-999.0,-999.0,0.0,2.82775024151,b
100146,70.067,69.529,60.041,45.692,-999.0,-999.0,-999.0,1.615,2.446,115.274,1.882,-0.775,-999.0,24.968,0.008,1.837,47.001,-1.503,2.406,25.832,-0.601,98.78,1,43.305,-0.855,-1.103,-999.0,-999.0,-999.0,43.305,2.53529912726,b
100147,108.351,28.257,70.581,185.138,2.594,301.022,-0.971,1.149,3.462,304.978,1.13,1.405,0.524,57.238,1.011,1.677,64.67,1.885,0.932,71.673,1.35,370.728,2,115.476,-0.454,-1.756,67.594,2.14,-1.937,183.07,0.00150270483101,s
100148,95.635,11.036,61.222,32.741,-999.0,-999.0,-999.0,2.919,1.266,92.087,1.157,-1.248,-999.0,28.062,1.898,0.844,32.456,2.315,-2.044,29.166,-2.405,113.041,1,31.569,-3.444,0.982,-999.0,-999.0,-999.0,31.569,0.00150270483101,s
100149,113.614,18.075,84.811,16.463,-999.0,-999.0,-999.0,2.918,16.463,82.758,1.135,-1.389,-999.0,38.766,0.348,2.458,43.991,-0.184,-0.956,13.474,-0.196,157.175,0,-999.0,-999.0,-999.0,-999.0,-999.0,-999.0,0.0,4.42409059132,b
